REPLAY,makeAllocator,umpire::strategy::DynamicPool,true,pool,HOST,0x7fcc98400260
REPLAY,allocate,0,0x7fcc98400260,0x116076000
REPLAY,allocate,134,0x7fcc98400260,0x116076000
REPLAY,allocate,774,0x7fcc98400260,0x116076090
REPLAY,allocate,470,0x7fcc98400260,0x1160763a0
REPLAY,allocate,546,0x7fcc98400260,0x116076580
REPLAY,allocate,224,0x7fcc98400260,0x1160767b0
REPLAY,allocate,48,0x7fcc98400260,0x116076890
REPLAY,allocate,695,0x7fcc98400260,0x1160768c0
REPLAY,allocate,696,0x7fcc98400260,0x116076b80
REPLAY,allocate,958,0x7fcc98400260,0x116076e40
REPLAY,allocate,393,0x7fcc98400260,0x116077200
REPLAY,allocate,532,0x7fcc98400260,0x116077390
REPLAY,allocate,851,0x7fcc98400260,0x1160775b0
REPLAY,allocate,35,0x7fcc98400260,0x116077910
REPLAY,allocate,54,0x7fcc98400260,0x116077940
REPLAY,allocate,542,0x7fcc98400260,0x116077980
REPLAY,allocate,687,0x7fcc98400260,0x116077ba0
REPLAY,allocate,7,0x7fcc98400260,0x116077e50
REPLAY,allocate,393,0x7fcc98400260,0x116077e60
REPLAY,allocate,68,0x7fcc98400260,0x116077ff0
REPLAY,allocate,427,0x7fcc98400260,0x116078040
REPLAY,allocate,703,0x7fcc98400260,0x1160781f0
REPLAY,allocate,603,0x7fcc98400260,0x1160784b0
REPLAY,allocate,953,0x7fcc98400260,0x116078710
REPLAY,allocate,867,0x7fcc98400260,0x116078ad0
REPLAY,allocate,540,0x7fcc98400260,0x116078e40
REPLAY,allocate,94,0x7fcc98400260,0x116079060
REPLAY,allocate,670,0x7fcc98400260,0x1160790c0
REPLAY,allocate,426,0x7fcc98400260,0x116079360
REPLAY,allocate,718,0x7fcc98400260,0x116079510
REPLAY,allocate,933,0x7fcc98400260,0x1160797e0
REPLAY,allocate,781,0x7fcc98400260,0x116079b90
REPLAY,allocate,269,0x7fcc98400260,0x116079ea0
REPLAY,allocate,48,0x7fcc98400260,0x116079fb0
REPLAY,allocate,754,0x7fcc98400260,0x116079fe0
REPLAY,allocate,336,0x7fcc98400260,0x11607a2e0
REPLAY,allocate,648,0x7fcc98400260,0x11607a430
REPLAY,allocate,775,0x7fcc98400260,0x11607a6c0
REPLAY,allocate,1015,0x7fcc98400260,0x11607a9d0
REPLAY,allocate,374,0x7fcc98400260,0x11607add0
REPLAY,allocate,253,0x7fcc98400260,0x11607af50
REPLAY,allocate,1007,0x7fcc98400260,0x11607b050
REPLAY,allocate,740,0x7fcc98400260,0x11607b440
REPLAY,allocate,772,0x7fcc98400260,0x11607b730
REPLAY,allocate,667,0x7fcc98400260,0x11607ba40
REPLAY,allocate,74,0x7fcc98400260,0x11607bce0
REPLAY,allocate,647,0x7fcc98400260,0x11607bd30
REPLAY,allocate,906,0x7fcc98400260,0x11607bfc0
REPLAY,allocate,279,0x7fcc98400260,0x11607c350
REPLAY,allocate,447,0x7fcc98400260,0x11607c470
REPLAY,allocate,785,0x7fcc98400260,0x11607c630
REPLAY,allocate,489,0x7fcc98400260,0x11607c950
REPLAY,allocate,243,0x7fcc98400260,0x11607cb40
REPLAY,allocate,281,0x7fcc98400260,0x11607cc40
REPLAY,allocate,368,0x7fcc98400260,0x11607cd60
REPLAY,allocate,170,0x7fcc98400260,0x11607ced0
REPLAY,allocate,498,0x7fcc98400260,0x11607cf80
REPLAY,allocate,920,0x7fcc98400260,0x11607d180
REPLAY,allocate,931,0x7fcc98400260,0x11607d520
REPLAY,allocate,62,0x7fcc98400260,0x11607d8d0
REPLAY,allocate,927,0x7fcc98400260,0x11607d910
REPLAY,allocate,517,0x7fcc98400260,0x11607dcb0
REPLAY,allocate,529,0x7fcc98400260,0x11607dec0
REPLAY,allocate,327,0x7fcc98400260,0x11607e0e0
REPLAY,deallocate,0x116076000,0x7fcc98400260
REPLAY,deallocate,0x116076000,0x7fcc98400260
REPLAY,deallocate,0x116076090,0x7fcc98400260
REPLAY,deallocate,0x1160763a0,0x7fcc98400260
REPLAY,deallocate,0x116076580,0x7fcc98400260
REPLAY,deallocate,0x1160767b0,0x7fcc98400260
REPLAY,deallocate,0x116076890,0x7fcc98400260
REPLAY,deallocate,0x1160768c0,0x7fcc98400260
REPLAY,deallocate,0x116076b80,0x7fcc98400260
REPLAY,deallocate,0x116076e40,0x7fcc98400260
REPLAY,deallocate,0x116077200,0x7fcc98400260
REPLAY,deallocate,0x116077390,0x7fcc98400260
REPLAY,deallocate,0x1160775b0,0x7fcc98400260
REPLAY,deallocate,0x116077910,0x7fcc98400260
REPLAY,deallocate,0x116077940,0x7fcc98400260
REPLAY,deallocate,0x116077980,0x7fcc98400260
REPLAY,deallocate,0x116077ba0,0x7fcc98400260
REPLAY,deallocate,0x116077e50,0x7fcc98400260
REPLAY,deallocate,0x116077e60,0x7fcc98400260
REPLAY,deallocate,0x116077ff0,0x7fcc98400260
REPLAY,deallocate,0x116078040,0x7fcc98400260
REPLAY,deallocate,0x1160781f0,0x7fcc98400260
REPLAY,deallocate,0x1160784b0,0x7fcc98400260
REPLAY,deallocate,0x116078710,0x7fcc98400260
REPLAY,deallocate,0x116078ad0,0x7fcc98400260
REPLAY,deallocate,0x116078e40,0x7fcc98400260
REPLAY,deallocate,0x116079060,0x7fcc98400260
REPLAY,deallocate,0x1160790c0,0x7fcc98400260
REPLAY,deallocate,0x116079360,0x7fcc98400260
REPLAY,deallocate,0x116079510,0x7fcc98400260
REPLAY,deallocate,0x1160797e0,0x7fcc98400260
REPLAY,deallocate,0x116079b90,0x7fcc98400260
REPLAY,deallocate,0x116079ea0,0x7fcc98400260
REPLAY,deallocate,0x116079fb0,0x7fcc98400260
REPLAY,deallocate,0x116079fe0,0x7fcc98400260
REPLAY,deallocate,0x11607a2e0,0x7fcc98400260
REPLAY,deallocate,0x11607a430,0x7fcc98400260
REPLAY,deallocate,0x11607a6c0,0x7fcc98400260
REPLAY,deallocate,0x11607a9d0,0x7fcc98400260
REPLAY,deallocate,0x11607add0,0x7fcc98400260
REPLAY,deallocate,0x11607af50,0x7fcc98400260
REPLAY,deallocate,0x11607b050,0x7fcc98400260
REPLAY,deallocate,0x11607b440,0x7fcc98400260
REPLAY,deallocate,0x11607b730,0x7fcc98400260
REPLAY,deallocate,0x11607ba40,0x7fcc98400260
REPLAY,deallocate,0x11607bce0,0x7fcc98400260
REPLAY,deallocate,0x11607bd30,0x7fcc98400260
REPLAY,deallocate,0x11607bfc0,0x7fcc98400260
REPLAY,deallocate,0x11607c350,0x7fcc98400260
REPLAY,deallocate,0x11607c470,0x7fcc98400260
REPLAY,deallocate,0x11607c630,0x7fcc98400260
REPLAY,deallocate,0x11607c950,0x7fcc98400260
REPLAY,deallocate,0x11607cb40,0x7fcc98400260
REPLAY,deallocate,0x11607cc40,0x7fcc98400260
REPLAY,deallocate,0x11607cd60,0x7fcc98400260
REPLAY,deallocate,0x11607ced0,0x7fcc98400260
REPLAY,deallocate,0x11607cf80,0x7fcc98400260
REPLAY,deallocate,0x11607d180,0x7fcc98400260
REPLAY,deallocate,0x11607d520,0x7fcc98400260
REPLAY,deallocate,0x11607d8d0,0x7fcc98400260
REPLAY,deallocate,0x11607d910,0x7fcc98400260
REPLAY,deallocate,0x11607dcb0,0x7fcc98400260
REPLAY,deallocate,0x11607dec0,0x7fcc98400260
REPLAY,deallocate,0x11607e0e0,0x7fcc98400260
